pmid,named_entity,ChEBI_id,title_proc
1387617,[3H]3-((+-)-2-carboxypiperazin-4-yl) propyl-1-phosphonic acid,0,Heterogeneity of NMDA receptors labelled with [ 3H ] 3- ( ( +- ) -2-carboxypiperazin-4-yl ) propyl-1-phosphonic acid ( [ 3H ] CPP ) : receptor status in Alzheimer 's disease brains .
23622085,"1, 3-dihydroxyxanthone mannich base",0,"Synthesis and biological evaluation of 1 , 3-dihydroxyxanthone mannich base derivatives as anticholinesterase agents ."
1357095,"5,5'-Dihydroxy-4,4'-bitryptamine",0,"5,5'-Dihydroxy-4,4'-bitryptamine : a potentially aberrant , neurotoxic metabolite of serotonin ."
1393594,"5,7-dihydroxytryptamine",0,"Early post-natal administration of 5,7-dihydroxytryptamine destroys 5-HT neurons but does not affect spatial memory ."
33101436,Abeta,0,Neuroprotective Effects of OMO within the Hippocampus and Cortex in a D-Galactose and Abeta 25-35-Induced Rat Model of Alzheimer 's Disease .
29159344,arimoclomol,0,Regioselective and enantiospecific synthesis of the HSP co-inducer arimoclomol from chiral glycidyl derivatives .
31142224,DPA,0,Comparison of high and low molar activity TSPO tracer [ 18F ] F-DPA in a mouse model of Alzheimer 's disease .
11760913,Galantamine hydrobromide,0,Galantamine hydrobromide .
1494302,HPTL,0,Inhibition of human brain and RBC acetylcholinesterase ( AChE ) by heptylphysostigmine ( HPTL ) .
21615147,leucettamine B,0,"Leucettines , a class of potent inhibitors of cdc2-like kinases and dual specificity , tyrosine phosphorylation regulated kinases derived from the marine sponge leucettamine B : modulation of alternative pre-RNA splicing ."
1982695,N-aminodeanol,0,Global in vivo replacement of choline by N-aminodeanol . Testing a hypothesis about progressive degenerative dementia : I. Dynamics of choline replacement .
26588360,N'-3-(Trifluoromethyl)phenyl Derivatives,0,N'-3- ( Trifluoromethyl ) phenyl Derivatives of N-Aryl-N'-methylguanidines as Prospective PET Radioligands for the Open Channel of the N-Methyl-d-aspartate ( NMDA ) Receptor : Synthesis and Structure-Affinity Relationships .
32276316,"Pyrrolo[3,4-d]pyridazinone",0,"Effect of Novel Pyrrolo [ 3,4-d ] pyridazinone Derivatives on Lipopolysaccharide-Induced Neuroinflammation ."
14210439,SODIUM NICOTINATE,0,"[ ON ELECTRORHEOGRAPHIC OBJECTIVE EVALUATION OF SUBSTANCES WITH CENTRAL NERVOUS SYSTEM ACTION . SODIUM NICOTINATE AND SODIUM BETA , BETA-PENTAMETHYLENE-GAMMA-HYDROXYBUTYRATE MONOHYDRATE ] ."
31912698,squaramide,0,A novel squaramide compound alleviates cognitive deficits through activation of Akt and Erk1/2 in a rat model of vascular dementia .
18630591,Xiusanzhen,0,[ Clinical investigation on electroacupuncture treatment of vascular dementia with `` Xiusanzhen '' ] .
32855357,lactic acid,422,Neuroprotective effects of p62 ( SQSTM1 ) -engineered lactic acid bacteria in Alzheimer 's disease : a pre-clinical study .
23187789,MDMA,1391,Influence of chronic caffeine on MDMA-induced behavioral and neuroinflammatory response in mice .
19300884,Tramiprosate,1457,Lessons learned in the use of volumetric MRI in therapeutic trials in Alzheimer 's disease : the ALZHEMED ( Tramiprosate ) experience .
7830088,3-hydroxykynurenine,1547,Increased concentrations of the neurotoxin 3-hydroxykynurenine in the frontal cortex of HIV-1-positive patients .
30842995,Sepharose,2511,"'Amytrapper ' , a Novel Immobilized Sepharose API Matrix , Removes Amyloid-beta from Circulation in vitro ."
21300136,Apocynin,2781,Apocynin administration does not improve behavioral and neuropathological deficits in a transgenic mouse model of Alzheimer 's disease .
20560881,HMAP,2781,Pitavastatin and 4'-hydroxy-3'-methoxyacetophenone ( HMAP ) reduce cognitive dysfunction in vascular dementia during experimental diabetes .
1281646,arecoline,2814,Increased CSF HVA response to arecoline challenge in Alzheimer 's disease .
3745131,Baclofen,2972,Baclofen treatment in a patient with tardive dystonia .
32463470,Bupropion,3219,Bupropion for the Treatment of Apathy in Alzheimer Disease : A Randomized Clinical Trial .
19483312,A23187,3305,Genipin suppresses A23187-induced cytotoxicity in neuro2a cells .
28671132,Capsaicin,3374,Capsaicin Attenuates Amyloid-beta-Induced Synapse Loss and Cognitive Impairments in Mice .
25611616,Chloroquine,3638,Chloroquine and chloroquinoline derivatives as models for the design of modulators of amyloid Peptide precursor metabolism .
9251937,clonazepam,3756,Tolerability of clonazepam in demented and non-demented geropsychiatric patients .
1670739,Clozapine,3766,Clozapine treatment of psychiatric symptoms resistant to neuroleptic treatment in patients with Huntington 's chorea .
26479224,Clozapine,3766,"A Case of Frontotemporal Dementia Presenting With Treatment-Refractory Psychosis and Extreme Violence : Response to Combination of Clozapine , Medroxyprogesterone , and Sertraline ."
10428193,Clozapine,3766,"Clozapine in elderly psychiatric patients : tolerability , safety , and efficacy ."
29401113,Clozapine,3766,Clozapine for Treatment-Refractory Behavioral Disturbance in Dementia .
8555750,Clozapine,3766,Clozapine for acute and maintenance treatment of psychosis in Parkinson 's disease .
29568765,Curcumin,3962,The Potential Protective Effect of Curcumin on Amyloid-beta-42 Induced Cytotoxicity in HT-22 Cells .
18573304,Curcumin,3962,Curcumin protected PC12 cells against beta-amyloid-induced toxicity through the inhibition of oxidative damage and tau hyperphosphorylation .
32719582,Curcumin,3962,In vivo Retinal Fluorescence Imaging With Curcumin in an Alzheimer Mouse Model .
27186134,Curcumin,3962,Curcumin : a natural substance with potential efficacy in Alzheimer 's disease .
20637579,Curcumin,3962,Curcumin improves bone microarchitecture and enhances mineral density in APP/PS1 transgenic mice .
18189141,Curcumin,3962,Curcumin inhibits aggregation of alpha-synuclein .
29938313,Curcumin,3962,"The Effect of BSA-Based Curcumin Nanoparticles on Memory and Hippocampal MMP-2 , MMP-9 , and MAPKs in Adult Mice ."
1394245,cytoxan,4027,Cerebral amyloid angiopathy with granulomatous angiitis ameliorated by steroid-cytoxan treatment .
21558416,Cyclosporin-A,4031,Cyclosporin-A-induced prion protein aggresomes are dynamic quality-control cellular compartments .
12657888,cyclosporine-A,4031,"Effects of cyclosporine-A on brain lipids and apolipoprotein E , J gene expression in rats ."
28840510,Cypermethrin,4042,Cypermethrin Activates Autophagosome Formation Albeit Inhibits Autophagy Owing to Poor Lysosome Quality : Relevance to Parkinson 's Disease .
29477412,Dextromethorphan,4470,"Safety , Tolerability , and Effectiveness of Dextromethorphan/Quinidine for Pseudobulbar Affect Among Study Participants With Traumatic Brain Injury : Results From the PRISM-II Open Label Study ."
31269278,digoxin,4551,Impact of reduced P-glycoprotein function on digoxin concentrations in patients with dementia .
27127486,donepezil hydrochloride,4696,Neuroprotection against vascular dementia after acupuncture combined with donepezil hydrochloride : P300 event related potential .
30052110,fluoxetine,5118,Computational and experimental studies on the interaction between butyrylcholinesterase and fluoxetine : implications in health and disease .
25960348,Isoflurane,6015,Sevoflurane and Isoflurane induce structural changes in brain vascular endothelial cells and increase blood-brain barrier permeability : Possible link to postoperative delirium and cognitive decline .
142923,isoniazid,6030,Treatment of Huntington 's chorea with isoniazid .
7709735,leupeptin,6426,Cytoskeletal changes in rat cortical neurons induced by long-term intraventricular infusion of leupeptin .
26181606,Levetiracetam,6437,"Novel Levetiracetam Derivatives That Are Effective against the Alzheimer-like Phenotype in Mice : Synthesis , in Vitro , ex Vivo , and in Vivo Efficacy Studies ."
27939359,metformin,6801,A story of metformin-butyrate synergism to control various pathological conditions as a consequence of gut microbiome modification : Genesis of a wonder drug ?
28269766,Methylene Blue,6872,Methylene Blue ( Tetramethylthionine Chloride ) Influences the Mobility of Adult Neural Stem Cells : A Potentially Novel Therapeutic Mechanism of a Therapeutic Approach in the Treatment of Alzheimer 's Disease .
11106308,metrifonate,6908,"Comparison of donepezil- , tacrine- , rivastigmine- and metrifonate-induced central and peripheral cholinergically mediated responses in the rat ."
4237567,Alpha- methyl-P-tyrosine,6912,[ Alpha- methyl-P-tyrosine effect in extrapyramidal diseases ] .
3042841,naloxone,7459,High-dose naloxone in older normal subjects : implications for Alzheimer 's disease .
32044330,Pioglitazone,8228,Pioglitazone activates paraoxonase-2 in the brain : A novel neuroprotective mechanism .
5146413,probenecid,8426,Parkinsonism-dementia and amyotrophic lateral sclerosis of Guam . Effect of probenecid on monoamine catabolite levels in cerebrospinal fluid .
13319735,Procaineamide hydrochloride,8429,Procaineamide hydrochloride in Huntington 's chorea .
4871565,promazine,8459,[ Buronil and promazine therapy of patients with senile dementia . A double-blind study ] .
24997884,propranolol,8499,"[ Two news drugs ( ivacaftor & amp ; bedaquiline ) , one biomarker ( florbetapir ) and a re-positioned drug ( propranolol ) on the market ] ."
32125846,Pterostilbene,8630,Chemistry of Pterostilbene and Its Metabolic Effects .
31737188,Pterostilbene,8630,Pterostilbene attenuates amyloid-beta induced neurotoxicity with regulating PDE4A-CREB-BDNF pathway .
18533503,puerarin,8633,[ Effect of puerarin and ligustrazine on cultured hippocampal neurons injury induced by Abeta25-35 ] .
15800139,raloxifene,8772,Effect of raloxifene on prevention of dementia and cognitive impairment in older women : the Multiple Outcomes of Raloxifene Evaluation ( MORE ) randomized trial .
28962579,remifentanil,8802,"Effects of surgery and propofol-remifentanil total intravenous anesthesia on cerebrospinal fluid biomarkers of inflammation , Alzheimer 's disease , and neuronal injury in humans : a cohort study ."
28093254,Risperidone,8871,Risperidone ameliorated Abeta1-42-induced cognitive and hippocampal synaptic impairments in mice .
23847120,Rivastigmine,8874,Rivastigmine is associated with restoration of left frontal brain activity in Parkinson 's disease .
26691714,Rivastigmine,8874,Asymptomatic Bradycardia Due to Rivastigmine in an Elderly Adult with Lewy Body Dementia .
33568083,Rivastigmine,8874,Rivastigmine improves dual-task gait velocity in patients with Alzheimer 's disease .
14718699,Rofecoxib,8887,"Rofecoxib : no effect on Alzheimer 's disease in a 1-year , randomized , blinded , controlled study ."
31348966,Rubrofusarin,8908,Rubrofusarin inhibits Abeta aggregation and ameliorates memory loss in an Abeta-induced Alzheimer 's disease-like mouse model .
18786164,spiperone,9233,The antipsychotic spiperone attenuates inflammatory response in cultured microglia via the reduction of proinflammatory cytokine expression and nitric oxide production .
22898296,streptozotocin,9288,Naringenin ameliorates Alzheimer 's disease ( AD ) -type neurodegeneration with cognitive impairment ( AD-TNDCI ) caused by the intracerebroventricular-streptozotocin in rat model .
25114075,streptozotocin,9288,AMPK activation ameliorates Alzheimer 's disease-like pathology and spatial memory impairment in a streptozotocin-induced Alzheimer 's disease model in rats .
24329968,streptozotocin,9288,"Geniposide ameliorates learning memory deficits , reduces tau phosphorylation and decreases apoptosis via GSK3beta pathway in streptozotocin-induced alzheimer rat model ."
32473247,streptozotocin,9288,Metformin loaded phosphatidylserine nanoliposomes improve memory deficit and reduce neuroinflammation in streptozotocin-induced Alzheimer 's disease model .
28101460,STZ,9288,Captopril and Valsartan May Improve Cognitive Function Through Potentiation of the Brain Antioxidant Defense System and Attenuation of Oxidative/Nitrosative Damage in STZ-Induced Dementia in Rat .
132600,Tetrabenazine,9467,Tetrabenazine in the treatment of Huntington 's chorea .
29925548,tetrabenazine,9467,Evaluating depression and suicidality in tetrabenazine users with Huntington disease .
15190675,Thalidomide,9513,Thalidomide-based TNF-alpha inhibitors for neurodegenerative diseases .
19442820,thapsigargin,9516,The genome-wide expression profile of Scrophularia ningpoensis-treated thapsigargin-stimulated U-87MG cells .
26264395,thapsigargin,9516,Suppression effects of O-demethyldemethoxycurcumin on thapsigargin triggered on endoplasmic reticulum stress in SK-N-SH cells .
15674800,thiadiazolidinone,9529,Synthesis and biological evaluation of tacrine-thiadiazolidinone hybrids as dual acetylcholinesterase inhibitors .
33136766,Warfarin,10033,Association of Risk of Dementia with Direct Oral Anticoagulants versus Warfarin use in Patients with Non-valvular Atrial Fibrillation : A Systematic Review and Meta-analysis .
32595528,Xanomeline,10056,Xanomeline Protects Cortical Cells From Oxygen-Glucose Deprivation via Inhibiting Oxidative Stress and Apoptosis .
2879972,3'-azido-3'-deoxythymidine,10110,Response of human-immunodeficiency-virus-associated neurological disease to 3'-azido-3'-deoxythymidine .
2029295,zidovudine,10110,Improvement of auditory brainstem responses after treatment with zidovudine in a child with AIDS .
9810533,zidovudine,10110,[ Risk of the development of dementia after interruption of zidovudine treatment ] .
21931779,D-beta-hydroxybutyrate,10983,D-beta-hydroxybutyrate is protective in mouse models of Huntington 's disease .
26721223,D-galactose,12936,Neuroprotective effects of ginseng protein on PI3K/Akt signaling pathway in the hippocampus of D-galactose/AlCl3 inducing rats model of Alzheimer 's disease .
22447574,Acacetin,15335,Acacetin attenuates neuroinflammation via regulation the response to LPS stimuli in vitro and in vivo .
7912366,acetone,15347,Safety of pituitary growth hormone extracted with acetone/acetic acid .
2166243,Choline,15354,"Choline acetyltransferase activity and [ 3H ] vesamicol binding in the temporal cortex of patients with Alzheimer 's disease , Parkinson 's disease , and rats with basal forebrain lesions ."
81385,choline,15354,Influence of choline on amnesia in early Alzheimer 's disease .
26391046,Choline,15354,Maternal Choline Supplementation : A Potential Prenatal Treatment for Down Syndrome and Alzheimer 's Disease .
25959965,Acetylcholine,15355,Acetylcholine mediates behavioral and neural post-error control .
20157241,acetylcholine,15355,Cholinesterase activity and mRNA level of nicotinic acetylcholine receptors ( alpha4 and beta2 Subunits ) in blood of elderly Chinese diagnosed as Alzheimer 's disease .
29163063,Acetylcholine,15355,"Acetylcholine Neuromodulation in Normal and Abnormal Learning and Memory : Vigilance Control in Waking , Sleep , Autism , Amnesia and Alzheimer 's Disease ."
16762377,acetylcholine,15355,Acetylcholinesterase inhibitors used in treatment of Alzheimer 's disease prevent glutamate neurotoxicity via nicotinic acetylcholine receptors and phosphatidylinositol 3-kinase cascade .
15135892,acetylcholine,15355,"Comparative effects of huperzine A , donepezil and rivastigmine on cortical acetylcholine level and acetylcholinesterase activity in rats ."
21864528,acetylcholine,15355,Reduced striatal acetylcholine efflux in the R6/2 mouse model of Huntington 's disease : an examination of the role of altered inhibitory and excitatory mechanisms .
11701754,Cysteine,15356,Cysteine and mercapturate conjugates of oxidized dopamine are in human striatum but only the cysteine conjugate impedes dopamine trafficking in vitro and in vivo .
11350084,Cysteine,15356,Cysteine 73 in bleomycin hydrolase is critical for amyloid precursor protein processing .
26400108,Cysteine,15356,Methylene Blue Inhibits Caspases by Oxidation of the Catalytic Cysteine .
23035037,acetylsalicylic acid,15365,Does low-dose acetylsalicylic acid prevent cognitive decline in women with high cardiovascular risk ? A 5-year follow-up of a non-demented population-based cohort of Swedish elderly women .
9616942,aspirin,15365,[ Indications for aspirin on the centennial of its discovery ] .
20555145,acrolein,15368,"Robinetinidol- ( 4beta -- & gt ; 8 ) -epigallocatechin 3-O-gallate , a galloyl dimer prorobinetinidin from Acacia mearnsii De Wild , effectively protects human neuroblastoma SH-SY5Y cells against acrolein-induced oxidative damage ."
15989609,Ademetionine,15414,Ademetionine ( S-adenosylmethionine ) neuropharmacology : implications for drug therapies in psychiatric and neurological disorders .
21281991,ATP,15422,An application of two MIFs-based tools ( Volsurf+ and Pentacle ) to binary QSAR : the case of a palinurin-related data set of non-ATP competitive glycogen synthase kinase 3beta ( GSK-3beta ) inhibitors .
11739234,Gly,15428,[ Gly ( 14 ) ] -Humanin improved the learning and memory impairment induced by scopolamine in vivo .
23733502,glycine,15428,Novel nootropic drug sunifiram enhances hippocampal synaptic efficacy via glycine-binding site of N-methyl-D-aspartate receptor .
15342193,prostaglandin E2,15551,Mechanisms involved in prostaglandin E2-mediated neuroprotection against TNF-alpha : possible involvement of multiple signal transduction and beta-catenin/T-cell factor .
14291283,"3, 4-DIHYDROXYPHENYLALANINE",15765,"A CLINICAL AND METABOLIC STUDY OF DOPA ( 3 , 4-DIHYDROXYPHENYLALANINE ) AND METHYLDOPA IN HUNTINGTON 'S CHOREA ."
29921400,l-dopamine,15765,Peripheral T lymphocyte immunity and l-dopamine in patients with Parkinson 's disease .
944387,levodopa,15765,Mental symptoms in Parkinson 's disease during chronic treatment with levodopa .
32174802,Arachidonic Acid,15843,Benign Regulation of the Astrocytic Phospholipase A2-Arachidonic Acid Pathway : The Underlying Mechanism of the Beneficial Effects of Manual Acupuncture on CBF .
15003996,Taurine,15891,Taurine prevents the neurotoxicity of beta-amyloid and glutamate receptor agonists : activation of GABA receptors and possible implications for Alzheimer 's disease and other neurological disorders .
32551202,Lycopene,15948,Lycopene alleviates oxidative stress via the PI3K/Akt/Nrf2pathway in a cell model of Alzheimer 's disease .
11475014,cholesterol,16113,"Neurotoxicity of 24-hydroxycholesterol , an important cholesterol elimination product of the brain , may be prevented by vitamin E and estradiol-17beta ."
31805338,cholesterol,16113,Impact of natural products on the cholesterol transporter ABCA1 .
20450474,Cholesterol,16113,"Cholesterol , Alzheimer 's disease , prion disorders : a menage a trois ?"
25011444,cholesterol,16113,Total cholesterol and neuropsychiatric symptoms in Alzheimer 's disease : the impact of total cholesterol level and gender .
9772023,cholesterol,16113,"Reduced levels of cholesterol , phospholipids , and fatty acids in cerebrospinal fluid of Alzheimer disease patients are not related to apolipoprotein E4 ."
19660552,Cholesterol,16113,Cholesterol involvement in the pathogenesis of neurodegenerative diseases .
23936214,cholesterol,16113,Defensive effect of lansoprazole in dementia of AD type in mice exposed to streptozotocin and cholesterol enriched diet .
33392381,cholesterol,16113,LDL cholesterol and uridine levels in blood are potential nutritional biomarkers for clinical progression in Alzheimer 's disease : The NUDAD project .
26373857,cholesterol,16113,Evidence for altered cholesterol metabolism in Huntington 's disease post mortem brain tissue .
12160362,cholesterol,16113,"Apolipoprotein E epsilon4 allele , elevated midlife total cholesterol level , and high midlife systolic blood pressure are independent risk factors for late-life Alzheimer disease ."
15975056,cholesterol,16113,Neurodegenerative disorders and cholesterol .
29193679,Cholesterol,16113,Increased Levels of 27-Hydroxycholesterol Induced by Dietary Cholesterol in Brain Contribute to Learning and Memory Impairment in Rats .
28722194,cholesterol,16113,Effects of cholesterol transport inhibitor U18666A on APP metabolism in rat primary astrocytes .
20138836,Cholesterol,16113,Cholesterol accumulation in Niemann Pick type C ( NPC ) model cells causes a shift in APP localization to lipid rafts .
11520429,cholesterol,16113,Brain in human nutrition and variant Creutzfeldt-Jakob disease risk ( vCJD ) : detection of brain in retail liver sausages using cholesterol and neuron specific enolase ( NSE ) as markers .
31787922,Cholesterol,16113,Mitochondrial Cholesterol in Alzheimer 's Disease and Niemann-Pick Type C Disease .
19402779,Cholesterol,16113,Cholesterol-modifying strategies for Alzheimer 's disease .
33098838,berberine,16118,Plant isoquinoline alkaloids as potential neurodrugs : A comparative study of the effects of benzo [ c ] phenanthridine and berberine based compounds on beta-amyloid aggregation .
24040810,ammonia,16134,"Pathogenesis of Alzheimer disease : role of oxidative stress , amyloid-beta peptides , systemic ammonia and erythrocyte energy metabolism ."
12602499,ammonia,16134,Pathophysiology of hepatic encephalopathy : a new look at ammonia .
9286438,ammonia,16134,An ammonia hypothesis of Alzheimer disease .
26696896,H2S,16136,H2S- and NO-Signaling Pathways in Alzheimer 's Amyloid Vasculopathy : Synergism or Antagonism ?
25933982,Hydrogen sulfide,16136,Hydrogen sulfide in pharmacology and medicine -- An update .
17846884,ethanol,16236,The effect of curcumin on ethanol induced changes in suprachiasmatic nucleus ( SCN ) and pineal .
12587068,ethanol,16236,Human immunodeficiency virus type 1 gp120 and ethanol coexposure in rat organotypic brain slice cultures : Curtailment of gp120-induced neurotoxicity and neurotoxic mediators by moderate but not high ethanol concentrations .
29854325,ethanol,16236,GABA-enriched fermented Laminaria japonica improves cognitive impairment and neuroplasticity in scopolamine- and ethanol-induced dementia model mice .
23726866,H2O2,16240,Time course study of Abeta formation and neurite outgrowth disruption in differentiated human neuroblastoma cells exposed to H2O2 : protective role of autophagy .
27479541,H2O2,16240,"Design , synthesis and biological evaluation of coumarin derivatives as novel acetylcholinesterase inhibitors that attenuate H2O2-induced apoptosis in SH-SY5Y cells ."
25551598,hydrogen peroxide,16240,The effects of endogenous non-peptide molecule isatin and hydrogen peroxide on proteomic profiling of rat brain amyloid-beta binding proteins : relevance to Alzheimer 's disease ?
26510982,Hydrogen Peroxide,16240,Neuroprotection of ( + ) -2- ( 1-Hydroxyl-4-Oxocyclohexyl ) Ethyl Caffeate Against Hydrogen Peroxide and Lipopolysaccharide Induced Injury via Modulating Arachidonic Acid Network and p38-MAPK Signaling .
25199867,Chitosan,16261,Chitosan as a suitable nanocarrier material for anti-Alzheimer drug delivery .
1850501,adenosine,16335,Reduction of adenosine A1-receptors in the perforant pathway terminal zone in Alzheimer hippocampus .
19443488,adenosine,16335,The A2A adenosine receptor rescues the urea cycle deficiency of Huntington 's disease by enhancing the activity of the ubiquitin-proteasome system .
8736490,L-carnitine,16347,Protective actions of L-carnitine and acetyl-L-carnitine on the neurotoxicity evoked by mitochondrial uncoupling or inhibitors .
16337998,3-nitropropionic acid,16348,Neuroprotective effect of taurine in 3-nitropropionic acid-induced experimental animal model of Huntington 's disease phenotype .
19799953,3-nitropropionic acid,16348,Discriminative behavioral assessment unveils remarkable reactive astrocytosis and early molecular correlates in basal ganglia of 3-nitropropionic acid subchronic treated rats .
22327485,3-nitropropionic acid,16348,N-Acetylcysteine reverses mitochondrial dysfunctions and behavioral abnormalities in 3-nitropropionic acid-induced Huntington 's disease .
26641206,cGMP,16356,Pharmacokinetic investigation of sildenafil using positron emission tomography and determination of its effect on cerebrospinal fluid cGMP levels .
30590671,cGMP,16356,The cGMP-Degrading Enzyme Phosphodiesterase-5 ( PDE5 ) in Cerebral Small Arteries of Older People .
31661243,Cholic Acid,16359,Biophysical Elucidation of Amyloid Fibrillation Inhibition and Prevention of Secondary Nucleation by Cholic Acid : An Unexplored Function of Cholic Acid .
20053478,17beta-Estradiol,16469,17beta-Estradiol regulates insulin-degrading enzyme expression via an ERbeta/PI3-K pathway in hippocampus : relevance to Alzheimer 's prevention .
24587005,Nitric oxide,16480,Nitric oxide dysregulation in platelets from patients with advanced Huntington disease .
8879214,nitric oxide,16480,Inducible nitric oxide synthase in tangle-bearing neurons of patients with Alzheimer 's disease .
15033806,nitric oxide,16480,Induction of cyclooxygenase-2 and peroxisome proliferator-activated receptor-gamma during nitric oxide-induced apoptotic PC12 cell death .
17989518,nitric oxide,16480,"Combined administration of subthreshold doses of the nitric oxide inhibitor , nitro-L-arginine , and muscarinic receptor antagonist , scopolamine , impairs complex maze learning in rats ."
32785972,Nitric oxide,16480,Nitric oxide is fundamental to neurovascular coupling in humans .
33228180,Nitric-Oxide,16480,Oxidative Stress Orchestrates MAPK and Nitric-Oxide Synthase Signal .
26463138,alpha-lipoic acid,16494,"Multiple mechanisms of age-dependent accumulation of amyloid beta protein in rat brain : Prevention by dietary supplementation with N-acetylcysteine , alpha-lipoic acid and alpha-tocopherol ."
19394403,quinolinic acid,16675,"Of mice , rats and men : Revisiting the quinolinic acid hypothesis of Huntington 's disease ."
16758261,S-adenosyl-L-homocysteine,16680,Tolcapone decreases plasma levels of S-adenosyl-L-homocysteine and homocysteine in treated Parkinson 's disease patients .
1384264,uridine,16704,Neuronal uridine metabolism .
15093948,tryptamine,16765,"Pharmacological studies with endogenous enhancer substances : beta-phenylethylamine , tryptamine , and their synthetic derivatives ."
23722831,scopolamine,16794,Chronic scopolamine-injection-induced cognitive deficit on reward-directed instrumental learning in rat is associated with CREB signaling activity in the cerebral cortex and dorsal hippocampus .
27023569,Scopolamine,16794,"Fucoxanthin , a Marine Carotenoid , Reverses Scopolamine-Induced Cognitive Impairments in Mice and Inhibits Acetylcholinesterase in Vitro ."
28626484,scopolamine,16794,Cognitive enhancing of pineapple extract and juice in scopolamine-induced amnesia in mice .
31029764,Melatonin,16796,"Melatonin MT1 receptor as a novel target in neuropsychopharmacology : MT1 ligands , pathophysiological and therapeutic implications , and perspectives ."
27180068,Melatonin,16796,Melatonin for Sleep Disorders in Patients with Neurodegenerative Diseases .
11982793,Melatonin,16796,Melatonin protects against copper-mediated free radical damage .
20443247,Melatonin,16796,[ Melatonin and Alzheimer 's disease ] .
29912702,Methionine,16811,Diagnosis of Methionine/Valine Variant Creutzfeldt-Jakob Disease by Protein Misfolding Cyclic Amplification .
10064172,dehydroepiandrosterone sulfate,16814,The effect of dehydroepiandrosterone sulfate administration to patients with multi-infarct dementia .
160192,[3H]gamma-aminobutyric acid,16865,"Sodium-independent , high-affinity binding of [ 3H ] gamma-aminobutyric acid in human neurological disorders ."
6137518,GABA,16865,"Neuronal [ 3H ] benzodiazepine binding and levels of GABA , glutamate , and taurine are normal in Huntington 's disease cerebellum ."
18234412,GABA,16865,"Tiagabine , a GABA uptake inhibitor , attenuates 3-nitropropionic acid-induced alterations in various behavioral and biochemical parameters in rats ."
9769665,Gamma aminobutyric acid,16865,"[ Gamma aminobutyric acid -- its function , disorders and their sequelae ] ."
30726572,gamma-aminobutyric acid,16865,Enhanced striatopallidal gamma-aminobutyric acid ( GABA ) A receptor transmission in mouse models of huntington 's disease .
12611755,homocysteine,17230,A pilot study of vitamins to lower plasma homocysteine levels in Alzheimer disease .
16758261,homocysteine,17230,Tolcapone decreases plasma levels of S-adenosyl-L-homocysteine and homocysteine in treated Parkinson 's disease patients .
18931498,homocysteine,17230,"Cognitive performance and plasma levels of homocysteine , vitamin B12 , folate and lipids in patients with Alzheimer disease ."
23696950,Homocysteine,17230,"Serum Homocysteine , Dehydroepiandrosterone Sulphate and Lipoprotein ( a ) in Alzheimer 's Disease and Vascular Dementia ."
11124762,Homocysteine,17230,Homocysteine and B vitamins in dementia .
15607954,homocysteine,17230,S-adenosylmethionine/homocysteine cycle alterations modify DNA methylation status with consequent deregulation of PS1 and BACE and beta-amyloid production .
28632203,homocysteine,17230,"Combined assessment of DYRK1A , BDNF and homocysteine levels as diagnostic marker for Alzheimer 's disease ."
16988797,Homocysteine,17230,Homocysteine but not neopterin declines in demented patients on B vitamins .
15207433,Homocysteine,17230,Homocysteine and cognitive performance in healthy elderly subjects .
30665263,glucose,17234,Ambulatory glucose profile in diabetes-related dementia .
6413656,glucose,17234,Metabolic processes in Alzheimer 's disease : adenine nucleotide content and production of 14CO2 from [ U-14C ] glucose in vitro in human neocortex .
10713296,Glucose,17234,Glucose enhancement of a facial recognition task in young adults .
30984391,glucose,17234,Cognitive decline is related to high blood glucose levels in older Chinese adults with the ApoE epsilon3/epsilon3 genotype .
25948725,Glucose,17234,Glucose indices are associated with cognitive and structural brain measures in young adults .
24818840,carbon monoxide,17245,Diverse mechanisms underlying the regulation of ion channels by carbon monoxide .
29213988,mI,17268,Analysis of the posterior cingulate cortex with [ 18F ] FDG-PET and Naa/mI in mild cognitive impairment and Alzheimer 's disease : Correlations and differences between the two methods .
16772742,myo-inositol,17268,Effects of Alzheimer disease on fronto-parietal brain N-acetyl aspartate and myo-inositol using magnetic resonance spectroscopic imaging .
12955097,morphine,17303,Stress of dying is not suppressed by high-dose morphine or by dementia .
18912210,Penicillin,17334,Penicillin versus penicillin-malaria in the treatment of dementia paralytica .
15581661,testosterone,17347,Mitochondrial complex I inhibition depletes plasma testosterone in the rotenone model of Parkinson 's disease .
32186273,cAMP,17489,The complex link between schizophrenia and dementia : Targeting Ca2+/cAMP signalling .
8738146,cyclic AMP,17489,Two types of amyloid precursor protein ( APP ) mRNA in rat glioma cell lines : upregulation via a cyclic AMP-dependent pathway .
31117002,cortisol,17650,Neuropsychological assessment and cortisol levels in biofluids from early Alzheimer 's disease patients .
18593777,cortisol,17650,"Apolipoprotein e genotype , cortisol , and cognitive function in community-dwelling older adults ."
3257719,serine,17822,Immunochemical identification of the serine protease inhibitor alpha 1-antichymotrypsin in the brain amyloid deposits of Alzheimer 's disease .
31426549,Serine,17822,Serine Phosphorylation of IRS1 Correlates with Abeta-Unrelated Memory Deficits and Elevation in Abeta Level Prior to the Onset of Memory Decline in AD .
30361890,Serine,17822,Increased Active OMI/HTRA2 Serine Protease Displays a Positive Correlation with Cholinergic Alterations in the Alzheimer 's Disease Brain .
25979114,Serine,17822,Serine phosphorylation and arginine methylation at the crossroads to neurodegeneration .
30363571,Serine,17822,Impact of Aging in Microglia-Mediated D-Serine Balance in the CNS .
2893289,serine,17822,A new A4 amyloid mRNA contains a domain homologous to serine proteinase inhibitors .
22773150,25-hydroxyvitamin D,17933,Correlation between serum 25-hydroxyvitamin D concentrations and regional cerebral blood flow in degenerative dementia .
9895231,"1-methyl-4-phenyl-1,2,3,6-tetrahydropyridine",17963,"Elevation of antioxidant potency in the brain of mice by low-dose gamma-ray irradiation and its effect on 1-methyl-4-phenyl-1,2,3,6-tetrahydropyridine ( MPTP ) -induced brain damage ."
15075439,"1-methyl-4-phenyl-1,2,3,6-tetrahydropyridine",17963,"Matrix metalloproteinase-9 is elevated in 1-methyl-4-phenyl-1,2,3,6-tetrahydropyridine-induced parkinsonism in mice ."
18797157,"1-methyl-4-phenyl-1,2,3,6-tetrahydropyridine",17963,"Significant effect of dimethylsulfoniopropionate on Parkinson 's disease of senescence-accelerated mice induced by 1-methyl-4-phenyl-1,2,3,6-tetrahydropyridine ."
1708406,MPTP,17963,Alterations of somatostatin and its modulation by levodopa in MPTP-treated mouse brain .
17681794,piperidine,18049,"Synthesis , in vitro assay , and molecular modeling of new piperidine derivatives having dual inhibitory potency against acetylcholinesterase and Abeta1-42 aggregation for Alzheimer 's disease therapeutics ."
19956633,polyglutamine,18050,Formation of polyglutamine inclusions in a wide range of non-CNS tissues in the HdhQ150 knock-in mouse model of Huntington 's disease .
24816443,Polyglutamine,18050,Polyglutamine ( PolyQ ) diseases : genetics to treatments .
11316786,polyglutamine,18050,Beyond the Qs in the polyglutamine diseases .
18203800,polyglutamine,18050,A strategy for generating polyglutamine 'length libraries ' in model host proteins .
33338751,Myricetin,18152,Myricetin : A review of the most recent research .
33388549,tyrosine,18186,RhoA GTPase phosphorylated at tyrosine 42 by src kinase binds to beta-catenin and contributes transcriptional regulation of vimentin upon Wnt3A .
1705956,tyrosine,18186,Altered protein tyrosine phosphorylation in Alzheimer 's disease .
15719156,dopamine,18243,Imaging of dopamine transporters and D2 receptors in vascular parkinsonism : a report of four cases .
17182012,dopamine,18243,Immunohistochemical localization of dopamine receptor subtypes ( D1R-D5R ) in Alzheimer 's disease brain .
12480442,Dopamine,18243,Dopamine agonist monotherapy in Parkinson 's disease .
1438045,dopamine,18243,Characterisation of dopamine and serotonin uptake inhibitory effects of tetrahydroaminoacridine in rat brain .
10401616,iron,18248,Is increased redox-active iron in Alzheimer disease a failure of the copper-binding protein ceruloplasmin ?
15105276,iron,18248,Novel chelators for central nervous system disorders that involve alterations in the metabolism of iron and other metal ions .
12838527,sulfatide,18318,Cerebrospinal fluid sulfatide is decreased in subjects with incipient dementia .
31191867,vanillin,18346,Synthesis of novel vanillin derivatives : novel multi-targeted scaffold ligands against Alzheimer 's disease .
19338371,norleucine,18347,Role of the sulfur atom on the reactivity of methionine toward OH radicals : comparison with norleucine .
3602224,thiamin,18385,The activation of red blood cell transketolase in groups of patients especially at risk from thiamin deficiency .
7886091,Nicotine,18723,Nicotine reverses scopolamine-induced impairment of performance in passive avoidance task in rats through its action on the dopaminergic neuronal system .
24372461,L-methylfolate,20612,Comparative assessment of adherence measures and resource use in SSRI/SNRI-treated patients with depression using second-generation antipsychotics or L-methylfolate as adjunctive therapy .
25130303,N-acetyl-aspartate,21547,N-acetyl-aspartate ( NAA ) as a correlate of pharmacological treatment in psychiatric disorders : a systematic review .
29116375,N-acetylaspartate,21547,Uncoupling N-acetylaspartate from brain pathology : implications for Canavan disease gene therapy .
26220901,alkaloids,22315,Plant alkaloids as drug leads for Alzheimer 's disease .
33419172,Aspartic Acid,22660,Molecular Mechanisms of Succinimide Formation from Aspartic Acid Residues Catalyzed by Two Water Molecules in the Aqueous Phase .
29559009,benzodiazepine,22720,Impact of opioid initiation on antipsychotic and benzodiazepine and related drug use among persons with Alzheimer 's disease .
9869335,Estradiol,23965,"Effects of Estradiol ( -17beta ) on learning , memory and cerebral energy metabolism in male rats after intracerebroventricular administration of streptozotocin ."
7790950,fluorine,24061,A diagnostic approach in Alzheimer 's disease using three-dimensional stereotactic surface projections of fluorine-18-FDG PET .
24790992,iodine,24859,"Association between epsilon2/3/4 , promoter polymorphism ( -491A/T , -427T/C , and -219T/G ) at the apolipoprotein E gene , and mental retardation in children from an iodine deficiency area , China ."
32561715,Leucine,25017,Leucine regulates autophagy via acetylation of the mTORC1 component raptor .
29119599,Leucine,25017,Clinical and neuropathological features of progressive supranuclear palsy in Leucine rich repeat kinase ( LRRK2 ) G2019S mutation carriers .
26381172,lysine,25094,Effects of lysine residues on structural characteristics and stability of tau proteins .
23349634,lysine,25094,A newly uncovered group of distantly related lysine methyltransferases preferentially interact with molecular chaperones to regulate their activity .
8054263,magnesium,25107,"Effects of magnesium , high energy phosphates , piracetam and thiamin on erythrocyte transketolase ."
16898674,mercury,25195,Involvement of environmental mercury and lead in the etiology of neurodegenerative diseases .
32951747,mercury,25195,One man 's swordfish story : The link between Alzheimer 's disease and mercury exposure .
16101743,n-3 polyunsaturated fatty acid,25681,Dietary n-3 polyunsaturated fatty acid depletion activates caspases and decreases NMDA receptors in the brain of a transgenic mouse model of Alzheimer 's disease .
27924168,N-3 Polyunsaturated Fatty Acids,25681,Effects of N-3 Polyunsaturated Fatty Acids on Dementia .
27884389,Omega 3 fatty acids,25681,Omega 3 fatty acids for the treatment of dementia : a Cochrane review summary .
26821608,Omega-3,25681,Preferential interaction of the Alzheimer peptide Abeta- ( 1-42 ) with Omega-3-containing lipid bilayers : structure and interaction studies .
31480294,Omega-3 Fatty Acids,25681,Omega-3 Fatty Acids and Neurodegenerative Diseases : New Evidence in Clinical Trials .
27606902,peroxynitrite,25941,"A new class of fast-response and highly selective fluorescent probes for visualizing peroxynitrite in live cells , subcellular organelles , and kidney tissue of diabetic rats ."
32840165,polyunsaturated fatty acids,26208,Cognitive improvements in a rat model with polyunsaturated fatty acids EPA and DHA through alpha7-nicotinic acetylcholine receptors .
11983286,potassium,26216,"Huperzine A , a nootropic agent , inhibits fast transient potassium current in rat dissociated hippocampal neurons ."
29127288,potassium,26216,Novel genetically encoded fluorescent probes enable real-time detection of potassium in vitro and in vivo .
8858966,potassium,26216,Attenuation of beta-amyloid neurotoxicity in vitro by potassium-induced depolarization .
33247146,proline,26271,Catalysis of proline isomerization and molecular chaperone activity in a tug-of-war .
29321759,Proline,26271,Deficits in the Proline-Rich Synapse-Associated Shank3 Protein in Multiple Neuropsychiatric Disorders .
21255017,sodium,26708,Cytosolic zinc release and clearance in hippocampal neurons exposed to glutamate -- the role of pH and sodium .
10796655,Thiamine,26948,Thiamine for Alzheimer 's disease .
20734230,Thiamine,26948,Thiamine and oxidants interact to modify cellular calcium stores .
27825907,Thiamine,26948,Thiamine and benfotiamine improve cognition and ameliorate GSK-3beta-associated stress-induced behaviours in mice .
26084440,Uric Acid,27226,Inverse Association Between Serum Uric Acid Levels and Alzheimer 's Disease Risk .
32921000,Vitamin D,27300,Vitamin D intake is associated with dementia risk in the Washington Heights-Inwood Columbia Aging Project ( WHICAP ) .
31103716,vitamin D,27300,"Retraction notice to `` High prevalence of vitamin D deficiency and reduced bone mass in elderly women with Alzheimer 's disease '' Bone Volume 23 , Issue 6 , December 1998 , Pages 555-557 ."
30701398,vitamin D,27300,"Functional capacity , renal function and vitamin D in community-dwelling oldest old ."
23250517,Vitamin D,27300,Vitamin D inquiry in hippocampal neurons : consequences of vitamin D-VDR pathway disruption on calcium channel and the vitamin D requirement .
19924351,vitamin B-6,27306,"Dietary folate , vitamin B-12 , vitamin B-6 and incident Alzheimer 's disease : the cache county memory , health and aging study ."
32784935,Cinnamic Acid,27386,Cinnamic Acid Derivatives and Their Biological Efficacy .
32182943,Alpha Linoleic Acid,27432,Oral Administration of Alpha Linoleic Acid Rescues Abeta-Induced Glia-Mediated Neuroinflammation and Cognitive Dysfunction in C57BL/6N Mice .
23493655,Folic Acid,27470,Folic Acid and coenzyme q10 ameliorate cognitive dysfunction in the rats with intracerebroventricular injection of streptozotocin .
18826993,folic acid,27470,"Perspectives on obesity and sweeteners , folic acid fortification and vitamin D requirements ."
28498775,Chalcone,27618,Chalcone-based carbamates for Alzheimer 's disease treatment .
31310916,chalcone,27618,"Design , synthesis , in-silico and biological evaluation of novel chalcone derivatives as multi-function agents for the treatment of Alzheimer 's disease ."
30845644,Resveratrol,27881,Maternal Resveratrol Supplementation Prevents Cognitive Decline in Senescent Mice Offspring .
26180587,Resveratrol,27881,Resveratrol : A Focus on Several Neurodegenerative Diseases .
26252250,Resveratrol,27881,Resveratrol inhibits oligomeric Abeta-induced microglial activation via NADPH oxidase .
2914376,physostigmine,27953,Determination of physostigmine in plasma and cerebrospinal fluid by liquid chromatography with electrochemical detection .
11165084,physostigmine,27953,Nasal administration of a physostigmine analogue ( NXX-066 ) for Alzheimer 's disease to rats .
3674795,physostigmine,27953,Effects of oral physostigmine in Alzheimer 's disease .
3717434,physostigmine,27953,Hypertension associated with oral administration of physostigmine in a patient with Alzheimer 's disease .
22504320,rifampicin,28077,Enhanced brain amyloid-beta clearance by rifampicin and caffeine as a possible protective mechanism against Alzheimer 's disease .
27825512,omega-3 docosahexaenoic acid,28125,The pleiotropic effects of omega-3 docosahexaenoic acid on the hallmarks of Alzheimer 's disease .
803997,papaverine,28241,Mental decline in the elderly : pharmacotherapy ( ergot alkaloids versus papaverine ) .
9536080,glutamine,28300,Aggregation of N-terminal huntingtin is dependent on the length of its glutamine repeats .
17141374,glutamine,28300,Glutamate-glutamine cycling in Alzheimer 's disease .
13634263,Reserpine,28487,[ Reserpine ( serpasin ) in therapy of Huntington 's chorea ] .
20139605,kaempferol,28499,"Protective effects of kaempferol ( 3,4',5,7-tetrahydroxyflavone ) against amyloid beta peptide ( Abeta ) -induced neurotoxicity in ICR mice ."
27631100,kolaviron,28521,"Ameliorative effect of kolaviron , a biflavonoid complex from Garcinia kola seeds against scopolamine-induced memory impairment in rats : role of antioxidant defense system ."
27611938,Kynurenine,28683,"Huntingtons Disease Mice Infected with Toxoplasma gondii Demonstrate Early Kynurenine Pathway Activation , Altered CD8+ T-Cell Responses , and Premature Mortality ."
17636627,Dehydroepiandrosterone,28689,WITHDRAWN : Dehydroepiandrosterone ( DHEA ) supplementation for cognitive function .
17054283,Dehydroepiandrosterone,28689,Dehydroepiandrosterone ( DHEA ) supplementation for cognitive function in healthy elderly people .
31569490,Doxorubicin,28748,The Effects of Doxorubicin-based Chemotherapy and Omega-3 Supplementation on Mouse Brain Lipids .
30422728,fructose,28757,The investigation of protective effects of glucagon-like peptide-1 ( GLP-1 ) analogue exenatide against glucose and fructose-induced neurotoxicity .
21549699,fructose,28757,"Effect of pioglitazone on altered expression of Abeta metabolism-associated molecules in the brain of fructose-drinking rats , a rodent model of insulin resistance ."
23475456,hesperidin,28775,Protective effects of hesperidin against amyloid-beta ( Abeta ) induced neurotoxicity through the voltage dependent anion channel 1 ( VDAC1 ) -mediated mitochondrial apoptotic pathway in PC12 cells .
25135708,Hesperidin,28775,"Hesperidin alleviates cognitive impairment , mitochondrial dysfunction and oxidative stress in a mouse model of Alzheimer 's disease ."
29750841,Serotonin,28790,High Serum Serotonin Predicts Increased Risk for Hip Fracture and Nonvertebral Osteoporotic Fractures : The MrOS Sweden Study .
10428080,heparan sulfate,28815,"Regulation of the heparan sulfate proteoglycan , perlecan , by injury and interleukin-1alpha ."
27323041,naringin,28819,Protective effects of naringin against gp120-induced injury mediated by P2X7 receptors in BV2 microglial cells .
24898644,N-Acetylcysteine,28939,Impact of N-Acetylcysteine on cerebral amyloid-beta plaques and kidney damage in spontaneously hypertensive stroke-prone rats .
76795,aluminium,28984,"Osteomalacic dialysis osteodystrophy : Evidence for a water-borne aetiological agent , probably aluminium ."
11208028,aluminum,28984,Reconsidering the importance of long-term low-level aluminum exposure in renal failure patients .
28961505,aluminum,28984,Hyperforin attenuates aluminum-induced Abeta production and Tau phosphorylation via regulating Akt/GSK-3beta signaling pathway in PC12 cells .
7404592,aluminum,28984,The effects of aluminum on microtubular integrity using in vitro and in vivo models .
8224045,aluminum,28984,Is there any relationship between aluminum and Alzheimer 's disease ?
434672,aluminum,28984,"Dementia , renal failure , and brain aluminum ."
12535786,aluminum,28984,A novel trivalent cation chelator Feralex dissociates binding of aluminum and iron associated with hyperphosphorylated tau of Alzheimer 's disease .
29802260,arginine,29016,Altered plasma arginine metabolome precedes behavioural and brain arginine metabolomic profile changes in the APPswe/PS1DeltaE9 mouse model of Alzheimer 's disease .
28930532,aluminium chloride,30114,Neuroprotective role of Asiatic acid in aluminium chloride induced rat model of Alzheimer 's disease .
32383521,aluminium chloride,30114,"Biotin , coenzyme Q10 , and their combination ameliorate aluminium chloride-induced Alzheimer 's disease via attenuating neuroinflammation and improving brain insulin signaling ."
29687202,Aluminum Chloride,30114,Attenuation of Aluminum Chloride-Induced Neuroinflammation and Caspase Activation Through the AKT/GSK-3beta Pathway by Hesperidin in Wistar Rats .
14624025,lithium,30145,Chronic lithium treatment decreases mutant tau protein aggregation in a transgenic mouse model .
7068945,lithium,30145,Successful treatment of dementia with lithium .
9164007,lithium,30145,[ Pseudo-Creutzfeldt-Jakob syndrome with long-term lithium use ] .
12427876,alcohol,30879,Amount and type of alcohol and risk of dementia : the Copenhagen City Heart Study .
30068510,alcohol,30879,Relation between alcohol consumption in midlife and dementia in late life .
2327836,Iofetamine I,31708,Iofetamine I 123 single photon emission computed tomography is accurate in the diagnosis of Alzheimer 's disease .
6238656,kainic acid,31746,[ Activity of dopaminergic neurons of the substantia nigra following lesions of the neostriatum by kainic acid ] .
157675,kainic acid,31746,Use of the neurotoxic agents kainic acid and tetanus toxin in the extrapyramidal system .
2557962,N-methyl-D-aspartate,31882,The N-methyl-D-aspartate receptor complex in Alzheimer 's disease : reduced regulation by glycine but not zinc .
25873835,N-methyl-D-aspartate,31882,"Dazed , confused , and asystolic : possible signs of anti-N-methyl-D-aspartate receptor encephalitis ."
21199667,N-methyl-d-aspartic acid,31882,Curcumin enhances neuronal survival in N-methyl-d-aspartic acid toxicity by inducing RANTES expression in astrocytes via PI-3K and MAPK signaling pathways .
31088188,Nilvadipine,31911,Blood Pressure Lowering With Nilvadipine in Patients With Mild-to-Moderate Alzheimer Disease Does Not Increase the Prevalence of Orthostatic Hypotension .
27708183,Vitamin E,33234,Use of Vitamin E and C Supplements for the Prevention of Cognitive Decline .
3730882,noradrenaline,33569,"Acetylcholine-rich neuronal grafts in the forebrain of rats : effects of environmental enrichment , neonatal noradrenaline depletion , host transplantation site and regional source of embryonic donor cells on graft size and acetylcholinesterase-positive fibre outgrowth ."
18054198,norepinephrine,33569,Effects of depressive and anxious symptoms on norepinephrine and platelet P-selectin responses to acute psychological stress among elderly caregivers .
2557101,4-aminopyridine,34385,[ Effects of polymethylene derivatives of 4-aminopyridine on functional properties of hippocampal neurons ] .
19462247,4-Aminopyridine,34385,4-Aminopyridine improves spatial memory in a murine model of HIV-1 encephalitis .
2569500,MK-801,34725,Reduced glycine stimulation of [ 3H ] MK-801 binding in Alzheimer 's disease .
1333039,domoic acid,34727,A procedure for large-scale purification of domoic acid from toxic blue mussels ( Mytilus edulis )
1356584,[3H]linopirdine,34823,[ 3H ] linopirdine ( DuP 996 ) labels a novel binding site in rat brain involved in the enhancement of stimulus-induced neurotransmitter release : autoradiographic localization studies .
26187664,paraquat,34905,"L-F001 , a multifunctional ROCK inhibitor prevents paraquat-induced cell death through attenuating ER stress and mitochondrial dysfunction in PC12 cells ."
11478380,fatty acid,35366,"In vivo fatty acid incorporation into brain phosholipids in relation to plasma availability , signal transduction and membrane remodeling ."
31796080,fatty acids,35366,The differential effects of fatty acids on enterocytic abundance of amyloid-beta .
22659071,purine,35584,Haplotypes across the human caveolin 1 gene upstream purine complex significantly alter gene expression : implication in neurodegenerative disorders .
24575399,DHA,36005,"The impact of cholesterol , DHA , and sphingolipids on Alzheimer 's disease ."
28855224,DHA,36005,DHA-rich n-3 fatty acid supplementation decreases DNA methylation in blood leukocytes : the OmegAD study .
27579313,DHA,36005,DHA and EPA Content and Fatty Acid Profile of 39 Food Fishes from India .
26021747,DHA,36005,Endogenous Docosahexaenoic Acid ( DHA ) Prevents Abeta1-42 Oligomer-Induced Neuronal Injury .
31665653,DHA,36005,Enrichment of brain docosahexaenoic acid ( DHA ) is highly dependent upon the molecular carrier of dietary DHA : lysophosphatidylcholine is more efficient than either phosphatidylcholine or triacylglycerol .
25123439,Docosahexaenoic acid,36005,Docosahexaenoic acid intake ameliorates ketamine-induced impairment of spatial cognition and learning ability in ICR mice .
28314621,Docosahexaenoic acid,36005,Docosahexaenoic acid ( DHA ) : An essential nutrient and a nutraceutical for brain health and diseases .
18762411,Eicosapentaenoic acid,36006,Eicosapentaenoic acid inhibits interleukin-6 production in interleukin-1beta-stimulated C6 glioma cells through peroxisome proliferator-activated receptor-gamma .
32743849,Xanthone,37647,Xanthone-enriched fraction of Garcinia mangostana and alpha-mangostin improve the spatial learning and memory of chronic cerebral hypoperfusion rats .
29793416,Oleanolic Acid,37659,Oleanolic Acid Ameliorates Abeta25-35 Injection-induced Memory Deficit in Alzheimer 's Disease Model Rats by Maintaining Synaptic Plasticity .
23348713,mannose,37684,Functional mannose-binding lectin haplotype variants are associated with Alzheimer 's disease .
32042150,iron,38157,Aggregation of mutant cysteine string protein-alpha via Fe-S cluster binding is mitigated by iron chelators .
26575486,Iron,38157,Iron Chelation Inhibits Osteoclastic Differentiation In Vitro and in Tg2576 Mouse Model of Alzheimer 's Disease .
20850311,Indole alkaloids,38958,Indole alkaloids from Ervatamia hainanensis with potent acetylcholinesterase inhibition activities .
25303313,"1,2,4-thiadiazole",39471,"Design , synthesis , in silico and in vitro screening of 1,2,4-thiadiazole analogues as non-peptide inhibitors of beta-secretase ."
6446691,aminooxyacetic acid,40823,Failure of aminooxyacetic acid therapy in Huntington disease .
12161816,PBA,41500,The peroxisome proliferator phenylbutyric acid ( PBA ) protects astrocytes from ts1 MoMuLV-induced oxidative cell death .
12161816,phenylbutyric acid,41500,The peroxisome proliferator phenylbutyric acid ( PBA ) protects astrocytes from ts1 MoMuLV-induced oxidative cell death .
3976937,dexamethasone,41879,The dexamethasone suppression test in dementia .
3881417,Dexamethasone,41879,Dexamethasone suppression test : a review of contemporary confusion .
22484447,dexamethasone,41879,Protective effects of astragalosides on dexamethasone and Abeta25-35 induced learning and memory impairments due to decrease amyloid precursor protein expression in 12-month male rats .
22129906,Gabapentin,42797,Gabapentin in the treatment of dementia-associated nocturnal agitation .
26796681,Galantamine,42944,Functional connectivity increase in the default-mode network of patients with Alzheimer 's disease after long-term treatment with Galantamine .
17414243,galantamine,42944,"The influence of galantamine on reaction time , attention processes , and performance variability in elderly Alzheimer patients ."
19272425,galantamine,42944,Nefiracetam and galantamine modulation of excitatory and inhibitory synaptic transmission via stimulation of neuronal nicotinic acetylcholine receptors in rat cortical neurons .
23503455,galantamine,42944,"Relationship of CYP2D6 , CYP3A , POR , and ABCB1 genotypes with galantamine plasma concentrations ."
14533126,Galantamine,42944,"Cognitive , psychiatric and motor response to galantamine in Parkinson 's disease with dementia ."
23411693,Galantamine,42944,"A meta-analysis of the efficacy of donepezil , rivastigmine , galantamine , and memantine in relation to severity of Alzheimer 's disease ."
11396866,Galantamine,42944,Therapeutic continuity in Alzheimer 's disease : switching patients to galantamine . Introduction .
20334038,Galanthamine,42944,Galanthamine from Galanthus and other Amaryllidaceae -- chemistry and biology based on traditional use .
25234596,Indirubin-3'-monoxime,43645,"Neuroprotective role of Indirubin-3'-monoxime , a GSKbeta inhibitor in high fat diet induced cognitive impairment in mice ."
21982813,okadaic acid,44658,Neuroglial alterations in rats submitted to the okadaic acid-induced model of dementia .
18448253,okadaic acid,44658,Dynein cleavage and microtubule accumulation in okadaic acid-treated neurons .
26295822,Okadaic Acid,44658,Jatrorrhizine Protects Against Okadaic Acid Induced Oxidative Toxicity Through Inhibiting the Mitogen-Activated Protein Kinases Pathways in HT22 Hippocampal Neurons .
25990227,Okadaic Acid,44658,Protective Effect of Tat PTD-Hsp27 Fusion Protein on Tau Hyperphosphorylation Induced by Okadaic Acid in the Human Neuroblastoma Cell Line SH-SY5Y .
9305568,succinylcholine,45652,Tacrine does not alter the potency of succinylcholine in the rat .
23209290,imatinib,45783,The role of gamma-secretase activating protein ( GSAP ) and imatinib in the regulation of gamma-secretase activity and amyloid-beta generation .
8740998,Cognex,45980,Evaluation of tacrine hydrochloride ( Cognex ) in two parallel-group studies .
7521234,Tacrine,45980,"Tacrine . A review of its pharmacodynamic and pharmacokinetic properties , and therapeutic efficacy in Alzheimer 's disease ."
22215547,CoQ,46245,Assay to measure oxidized and reduced forms of CoQ by LC-MS/MS .
15219643,clonidine,46631,Growth hormone response to clonidine predicts aggression in Alzheimer 's disease .
17851178,organosiloxanes,48150,Substituted organosiloxanes as potential therapeutics for treatment and prevention of neurodegenerative diseases .
24038335,8-hydroxyquinoline,48981,New cyclodextrin-bearing 8-hydroxyquinoline ligands as multifunctional molecules .
9399372,diazepam,49575,Effects of scopolamine on delayed-matching-to-sample and paired associates tests of visual memory and learning in human subjects : comparison with diazepam and implications for dementia .
4607657,diazepam,49575,Jakob-Creutzfeldt disease . Modification of clinical and electroencephalographic activity with methylphenidate and diazepam .
18794298,hydrogen,49637,The structural basis of serpin polymerization studied by hydrogen/deuterium exchange and mass spectrometry .
30703744,hydrogen,49637,Sustained release of bioactive hydrogen by Pd hydride nanoparticles overcomes Alzheimer 's disease .
28745443,xenon,49957,Discrimination between patients with mild Alzheimer 's disease and healthy subjects based on cerebral blood flow images of the lateral views in xenon-enhanced computed tomography .
6607554,xenon,49957,Stable xenon CT CBF measurements in prevalent cerebrovascular disorders ( stroke ) .
29882765,Xenon,49957,Inhaled Xenon Washout as a Biomarker of Alzheimer 's Disease .
22709009,"1,4-Dihydropyridine",50075,"1,4-Dihydropyridine scaffold in medicinal chemistry , the story so far and perspectives ( part 2 ) : action in other targets and antitargets ."
18212130,Rosiglitazone,50122,Rosiglitazone increases dendritic spine density and rescues spine loss caused by apolipoprotein E4 in primary cortical neurons .
11866882,wortmannin,52289,Alzheimer-like tau phosphorylation induced by wortmannin in vivo and its attenuation by melatonin .
22175653,donepezil,53289,Reviewing the role of donepezil in the treatment of Alzheimer 's disease .
19602789,Donepezil,53289,Donepezil-induced adverse side effects of cardiac rhythm : 2 cases report of atrioventricular block and Torsade de Pointes .
16626752,donepezil,53289,Effects of donepezil on memory and cognition in multiple sclerosis .
29413486,donepezil,53289,Oleocanthal-rich extra-virgin olive oil enhances donepezil effect by reducing amyloid-beta load and related toxicity in a mouse model of Alzheimer 's disease .
23694947,donepezil,53289,Ventricular enlargement and its clinical correlates in the imaging cohort from the ADCS MCI donepezil/vitamin E study .
10987910,Donepezil,53289,Donepezil in the treatment of Alzheimer disease .
15904984,donepezil,53289,Effects of memantine and donepezil on amyloid beta-induced memory impairment in a delayed-matching to position task in rats .
26768225,donepezil,53289,The roles of apolipoprotein E3 and CYP2D6 ( rs1065852 ) gene polymorphisms in the predictability of responses to individualized therapy with donepezil in Han Chinese patients with Alzheimer 's disease .
17523778,Donepezil,53289,Donepezil in vascular dementia : a neurosonological and neuropsychological study .
14734594,donepezil,53289,Memantine treatment in patients with moderate to severe Alzheimer disease already receiving donepezil : a randomized controlled trial .
32874532,Donepezil,53289,"QT interval prolongation and Torsades de Pointes with donepezil , rivastigmine and galantamine ."
23551349,Donepezil,53289,Pilot study of pharmacological treatment for frontotemporal dementia : risk of donepezil treatment for behavioral and psychological symptoms .
10463081,Donepezil,53289,Effectiveness of donepezil in treating Alzheimer 's disease .
25333550,Donepezil,53289,Donepezil-induced hepatotoxicity in an elderly adult taking fluoxetine .
15677877,Donepezil,53289,Does donepezil improve well-being for dementia due to Alzheimer 's disease ?
30251898,Donepezil,53289,Metformin and its sulphonamide derivative simultaneously potentiateanti-cholinesterase activity of donepezil and inhibit beta-amyloid aggregation .
19221429,Donepezil,53289,Cost-effectiveness of donepezil in the treatment of mild or moderate Alzheimer 's disease .
27441211,Donepezil,53289,Donepezil prevents RANK-induced bone loss via inhibition of osteoclast differentiation by downregulating acetylcholinesterase .
17132971,Donepezil,53289,Activities of daily living in moderate-to-severe Alzheimer disease : an analysis of the treatment effects of memantine in patients receiving stable donepezil treatment .
16061218,Donepezil,53289,Effects of selegiline alone or with donepezil on memory impairment in rats .
16387998,Donepezil,53289,Emergent complications following donepezil switchover to galantamine in three cases of dementia with Lewy bodies .
23001308,polyacrylamide,53656,The unravelling of metabolic dysfunctions linked to metal-associated diseases by blue native polyacrylamide gel electrophoresis .
1776746,Essential fatty acids,59549,Essential fatty acids in Alzheimer 's disease .
12406185,pentosidine,59951,"Accumulation of imidazolone , pentosidine and N ( epsilon ) - ( carboxymethyl ) lysine in hippocampal CA4 pyramidal neurons of aged human brain ."
21875407,N-methyl D-aspartate,60643,"N-methyl D-aspartate ( NMDA ) receptor antagonists and memantine treatment for Alzheimer 's disease , vascular dementia and Parkinson 's disease ."
25168631,Fluorodeoxyuridine,60761,Fluorodeoxyuridine enhances the heat shock response and decreases polyglutamine aggregation in an HSF-1-dependent manner in Caenorhabditis elegans .
26772162,"1,3,3,3-hexafluoro-2-propanol",63104,"Nuclear magnetic resonance evidence for the dimer formation of beta amyloid peptide 1-42 in 1,1,1,3,3,3-hexafluoro-2-propanol ."
29687345,Fingolimod,63115,Modulatory Effects of Fingolimod ( FTY720 ) on the Expression of Sphingolipid Metabolism-Related Genes in an Animal Model of Alzheimer 's Disease .
16630050,trimethyl-tin,63948,Expression of microsomal epoxide hydrolase is elevated in Alzheimer 's hippocampus and induced by exogenous beta-amyloid and trimethyl-tin .
27671821,Celastrol,63959,Celastrol and Its Role in Controlling Chronic Diseases .
1381038,glutamate,64243,"A possible role for nitric oxide in glutamate ( MSG ) -induced Chinese restaurant syndrome , glutamate-induced asthma , 'hot-dog headache ' , pugilistic Alzheimer 's disease , and other disorders ."
21130810,memantine,64312,Pharmacological characterizations of memantine-induced disruption of prepulse inhibition of the acoustic startle response in mice : involvement of dopamine D2 and 5-HT2A receptors .
26317045,Memantine,64312,Memantine-induced Myoclonus in a Patient with Alzheimer Disease .
23458672,Memantine,64312,Memantine protects cholinergic and glutamatergic septal neurons from Abeta1-40-induced toxicity .
32602152,Memantine,64312,Memantine misuse and social networks : A content analysis of Internet self-reports .
21085908,Memantine,64312,Memantine benefits functional abilities in moderate to severe Alzheimer 's disease .
15719129,isoproterenol,64317,Prevention of isoproterenol-induced tau hyperphosphorylation by melatonin in the rat .
31954794,Rivastigmine Tartrate,64358,"Probing the interaction of Rivastigmine Tartrate , an important Alzheimer 's drug , with serum albumin : Attempting treatment of Alzheimer 's disease ."
30099252,3-aminomethylindoles,65009,Design and synthesis of multipotent 3-aminomethylindoles and 7-azaindoles with enhanced protein phosphatase 2A-activating profile and neuroprotection .
27624148,tetrahydrocannabinol,66964,Effects of tetrahydrocannabinol on balance and gait in patients with dementia : A randomised controlled crossover trial .
9823829,Folate,67011,"Folate , vitamin B12 , and serum total homocysteine levels in confirmed Alzheimer disease ."
19456285,Cannabinoid,67194,Cannabinoid system in neurodegeneration : new perspectives in Alzheimer 's disease .
30374797,Cannabinoids,67194,Medical Use of Cannabinoids .
31349929,cannabinoids,67194,Therapeutic potential of cannabinoids as neuroprotective agents for damaged cells conducing to movement disorders .
32813239,Phytocannabinoids,67196,Current Aspects of the Endocannabinoid System and Targeted THC and CBD Phytocannabinoids as Potential Therapeutics for Parkinson 's and Alzheimer 's Diseases : a Review .
12192085,Salvinorin A,67900,Salvinorin A : a potent naturally occurring nonnitrogenous kappa opioid selective agonist .
30590134,Everolimus,68478,"Everolimus depletes plaque macrophages , abolishes intraplaque neovascularization and improves survival in mice with advanced atherosclerosis ."
32562718,CBD,69478,Chronic cannabidiol ( CBD ) treatment did not exhibit beneficial effects in 4-month-old male TAU58/2 transgenic mice .
31407160,Osthole,69832,Studies on the Neuroprotection of Osthole on Glutamate-Induced Apoptotic Cells and an Alzheimer 's Disease Mouse Model via Modulation Oxidative Stress .
1828934,pros-methylimidazoleacetic acid,70966,Histamine metabolites and pros-methylimidazoleacetic acid in human cerebrospinal fluid .
17652175,bisdemethoxycurcumin,71045,Innate immunity and transcription of MGAT-III and Toll-like receptors in Alzheimer 's disease patients are improved by bisdemethoxycurcumin .
30394219,Flavonoids,72544,A Pharmacological Appraisal of Neuroprotective and Neurorestorative Flavonoids Against Neurodegenerative Diseases .
31899556,flavonoids,72544,"Isolation of flavonoids from Musa acuminata Colla ( Simili radjah , ABB ) and the in vitro inhibitory effects of its leaf and fruit fractions on free radicals , acetylcholinesterase , 15-lipoxygenase , and carbohydrate hydrolyzing enzymes ."
28168765,Flavonoids,72544,Prediction of Anti-Alzheimer 's Activity of Flavonoids Targeting Acetylcholinesterase in silico .
33494670,Flavonoids,72544,Amendatory Effect of Flavonoids in Alzheimer 's Disease Against Mitochondrial Dysfuntion .
30102919,beta-Methylamino-L-alanine,73169,"The analysis of underivatized beta-Methylamino-L-alanine ( BMAA ) , BAMA , AEG & amp ; 2,4-DAB in Pteropus mariannus mariannus specimens using HILIC-LC-MS/MS ."
3199847,BMAA,73169,Determination of beta-N-methylamino-L-alanine ( BMAA ) in plant ( Cycas circinalis L. ) and animal tissue by precolumn derivatization with 9-fluorenylmethyl chloroformate ( FMOC ) and reversed-phase high-performance liquid chromatography .
26473791,Clioquinol,74460,"Design , Synthesis , and Evaluation of Orally Available Clioquinol-Moracin M Hybrids as Multitarget-Directed Ligands for Cognitive Improvement in a Rat Model of Neurodegeneration in Alzheimer 's Disease ."
29354323,Aluminum Sulfate,74772,"Systemic Inflammation in C57BL/6J Mice Receiving Dietary Aluminum Sulfate ; Up-Regulation of the Pro-Inflammatory Cytokines IL-6 and TNFalpha , C-Reactive Protein ( CRP ) and miRNA-146a in Blood Serum ."
26385945,9-Aminoacridine,74789,Synthesis of 9-Aminoacridine Derivatives as Anti-Alzheimer Agents .
28176625,Tannic Acid,75211,Molecular Targets of Tannic Acid in Alzheimer 's Disease .
29579687,Deuterated polyunsaturated fatty acids,75427,"Deuterated polyunsaturated fatty acids reduce brain lipid peroxidation and hippocampal amyloid beta-peptide levels , without discernable behavioral effects in an APP/PS1 mutant transgenic mouse model of Alzheimer 's disease ."
21335619,27-hydroxycholesterol,76591,Marked accumulation of 27-hydroxycholesterol in the brains of Alzheimer 's patients with the Swedish APP 670/671 mutation .
20836858,27-hydroxycholesterol,76597,The oxysterol 27-hydroxycholesterol increases beta-amyloid and oxidative stress in retinal pigment epithelial cells .
32310169,AC-1204,76978,"A Placebo-Controlled , Parallel Group , Randomized Clinical Trial of AC-1204 in Mild-to-Moderate Alzheimer 's Disease ."
10520506,Huperzine a,78330,[ Huperzine a : an acetylcholinesterase inhibitor with high pharmacological potential ] .
26024517,Huperzine A,78330,Involvement of Intracellular and Mitochondrial Abeta in the Ameliorative Effects of Huperzine A against Oligomeric Abeta42-Induced Injury in Primary Rat Neurons .
25799531,Huperzine A,78330,De novo RNA sequencing and transcriptome analysis of Colletotrichum gloeosporioides ES026 reveal genes related to biosynthesis of huperzine A .
10790719,vasotocin,78364,"A preliminary understanding of mania : roles for melatonin , vasotocin and rapid-eye-movement sleep ."
26362360,6-hydroxydopamine,78741,Depressive-like behavior observed with a minimal loss of locus coeruleus ( LC ) neurons following administration of 6-hydroxydopamine is associated with electrophysiological changes and reversed with precursors of norepinephrine .
24766626,curcuminoid,78802,Synthesis and characterization of ( 68 ) Ga-labeled curcumin and curcuminoid complexes as potential radiotracers for imaging of cancer and Alzheimer 's disease .
23079232,diarylheptanoids,78802,Cognition-enhancing and neuroprotective activities of the standardized extract of Betula platyphylla bark and its major diarylheptanoids .
24752928,paliperidone,82978,Improvement of mitochondrial function by paliperidone attenuates quinolinic acid-induced behavioural and neurochemical alterations in rats : implications in Huntington 's disease .
2422580,thioflavin S,88282,"A comparative study of modified Bielschowsky , Bodian and thioflavin S stains on Alzheimer 's neurofibrillary tangles ."
15125008,raclopride,92070,Improving binding potential analysis in [ 11C ] raclopride PET studies using cluster analysis .
25446433,rolipram,104872,"Effects of rolipram and roflumilast , phosphodiesterase-4 inhibitors , on hypertension-induced defects in memory function in rats ."
32093593,Thymoquinone,113532,Thymoquinone as a Potential Neuroprotector in Acute and Chronic Forms of Cerebral Pathology .
25467131,MS-275,132082,MS-275 inhibits aroclor 1254-induced SH-SY5Y neuronal cell toxicity by preventing the formation of the HDAC3/REST complex on the synapsin-1 promoter .
28817967,Pimavanserin,133017,"Pimavanserin , a novel antipsychotic for management of Parkinson 's disease psychosis ."
28493654,Pimavanserin,133017,The US Food and Drug Administration 's Perspective on the New Antipsychotic Pimavanserin .
10452094,bis(7)-tacrine,138435,"Attenuation of scopolamine-induced deficits in navigational memory performance in rats by bis ( 7 ) -tacrine , a novel dimeric AChE inhibitor ."
23837610,Hydroxysafflor yellow A,139030,Hydroxysafflor yellow A ameliorates homocysteine-induced Alzheimer-like pathologic dysfunction and memory/synaptic disorder .
18936923,Cryptotanshinone,149838,Cryptotanshinone protects primary rat cortical neurons from glutamate-induced neurotoxicity via the activation of the phosphatidylinositol 3-kinase/Akt signaling pathway .
23410232,AZD1080,167651,"AZD1080 , a novel GSK3 inhibitor , rescues synaptic plasticity deficits in rodent brain and exhibits peripheral target engagement in humans ."
927570,vitamin B 12,176843,[ The value of vitamin B 12 determinations as a routine study method ] .
33642990,Isoliquiritigenin,310312,Isoliquiritigenin Confers Neuroprotection and Alleviates Amyloid-beta42-Induced Neuroinflammation in Microglia by Regulating the Nrf2/NF-kappaB Signaling .
17181139,carprofen,364453,Scaffold of the cyclooxygenase-2 ( COX-2 ) inhibitor carprofen provides Alzheimer gamma-secretase modulators .
4230272,homovanillic acid,545959,Spectrofluorometric determination of homovanillic acid in urine .
26835020,malondialdehyde,566274,Apolipoprotein E epsilon4 allele and malondialdehyde level are independent risk factors for Alzheimer 's disease .
31070654,daptomycin,600103,Rhombohedral trap for studying molecular oligomerization in membranes : application to daptomycin .
27316544,Cu,28694,"Ionophoric polyphenols selectively bind Cu ( 2+ ) , display potent antioxidant and anti-amyloidogenic properties , and are non-toxic toward Tetrahymena thermophila ."
18367828,iron,18248,Inhibition of iron-catalyzed oxidations by attainable uric acid and ascorbic acid levels : therapeutic implications for Alzheimer 's disease and late cognitive impairment .
10448122,iron,18248,Neonatal iron exposure induces neurobehavioural dysfunctions in adult mice .
16962235,iron,18248,PANK2 gene analysis confirms genetic heterogeneity in neurodegeneration with brain iron accumulation ( NBIA ) but mutations are rare in other types of adult neurodegenerative disease .
17599703,Iron,18248,Iron in chronic brain disorders : imaging and neurotherapeutic implications .
15733784,iron,18248,Imaging iron stores in the brain using magnetic resonance imaging .
17101452,iron,18248,Brain iron metabolism .
31418949,iron,18248,G protein-coupled oestrogen receptor stimulation ameliorates iron- and ovariectomy-induced memory impairments through the cAMP/PKA/CREB signalling pathway .
20431983,iron,18248,"Accumulation of non-transferrin-bound iron by neurons , astrocytes , and microglia ."